{
  "Update Contact" : {
    "transaction" : "Update Contact",
    "sampleCount" : 978,
    "errorCount" : 698,
    "errorPct" : 71.37014,
    "meanResTime" : 393.82004089979563,
    "medianResTime" : 314.0,
    "minResTime" : 241.0,
    "maxResTime" : 3592.0,
    "pct1ResTime" : 549.0,
    "pct2ResTime" : 800.2999999999997,
    "pct3ResTime" : 1678.9300000000012,
    "throughput" : 4.7643637284799825,
    "receivedKBytesPerSec" : 4.023785358228514,
    "sentKBytesPerSec" : 3.8657601014375906
  },
  "Delete User" : {
    "transaction" : "Delete User",
    "sampleCount" : 967,
    "errorCount" : 895,
    "errorPct" : 92.55429,
    "meanResTime" : 386.2016546018616,
    "medianResTime" : 306.0,
    "minResTime" : 240.0,
    "maxResTime" : 2135.0,
    "pct1ResTime" : 578.0,
    "pct2ResTime" : 793.7999999999997,
    "pct3ResTime" : 1682.5999999999997,
    "throughput" : 4.710524392917164,
    "receivedKBytesPerSec" : 3.5739899332026206,
    "sentKBytesPerSec" : 2.193192353009231
  },
  "Total" : {
    "transaction" : "Total",
    "sampleCount" : 7995,
    "errorCount" : 5815,
    "errorPct" : 72.732956,
    "meanResTime" : 563.247029393369,
    "medianResTime" : 337.0,
    "minResTime" : 238.0,
    "maxResTime" : 9387.0,
    "pct1ResTime" : 1281.4000000000005,
    "pct2ResTime" : 1578.0,
    "pct3ResTime" : 2823.2799999999997,
    "throughput" : 38.0683468481123,
    "receivedKBytesPerSec" : 32.165974026804975,
    "sentKBytesPerSec" : 22.186155056793023
  },
  "Register New Account" : {
    "transaction" : "Register New Account",
    "sampleCount" : 1025,
    "errorCount" : 959,
    "errorPct" : 93.560974,
    "meanResTime" : 1613.933658536586,
    "medianResTime" : 1355.0,
    "minResTime" : 998.0,
    "maxResTime" : 9387.0,
    "pct1ResTime" : 2555.5999999999995,
    "pct2ResTime" : 3141.5999999999985,
    "pct3ResTime" : 4418.380000000001,
    "throughput" : 4.880557288219525,
    "receivedKBytesPerSec" : 3.94580687962165,
    "sentKBytesPerSec" : 2.7722923174076386
  },
  "Update Contact (PATCH)" : {
    "transaction" : "Update Contact (PATCH)",
    "sampleCount" : 975,
    "errorCount" : 780,
    "errorPct" : 80.0,
    "meanResTime" : 387.22974358974324,
    "medianResTime" : 305.0,
    "minResTime" : 239.0,
    "maxResTime" : 2416.0,
    "pct1ResTime" : 547.4,
    "pct2ResTime" : 861.1999999999999,
    "pct3ResTime" : 1514.0000000000002,
    "throughput" : 4.749540877715154,
    "receivedKBytesPerSec" : 3.9049798403301788,
    "sentKBytesPerSec" : 2.521994788901176
  },
  "Get Contact" : {
    "transaction" : "Get Contact",
    "sampleCount" : 986,
    "errorCount" : 620,
    "errorPct" : 62.880325,
    "meanResTime" : 405.11460446247486,
    "medianResTime" : 322.0,
    "minResTime" : 239.0,
    "maxResTime" : 2071.0,
    "pct1ResTime" : 602.7000000000006,
    "pct2ResTime" : 872.6999999999996,
    "pct3ResTime" : 1570.7499999999995,
    "throughput" : 4.804225379563039,
    "receivedKBytesPerSec" : 4.150328767857491,
    "sentKBytesPerSec" : 2.2173311303816097
  },
  "Delete Contact" : {
    "transaction" : "Delete Contact",
    "sampleCount" : 970,
    "errorCount" : 839,
    "errorPct" : 86.49484,
    "meanResTime" : 394.82680412371144,
    "medianResTime" : 305.0,
    "minResTime" : 238.0,
    "maxResTime" : 2685.0,
    "pct1ResTime" : 589.9999999999998,
    "pct2ResTime" : 842.0,
    "pct3ResTime" : 1669.4599999999973,
    "throughput" : 4.7252533125487135,
    "receivedKBytesPerSec" : 3.608186265405787,
    "sentKBytesPerSec" : 2.3712419850326385
  },
  "Add New Contact" : {
    "transaction" : "Add New Contact",
    "sampleCount" : 992,
    "errorCount" : 529,
    "errorPct" : 53.326614,
    "meanResTime" : 417.4052419354838,
    "medianResTime" : 320.0,
    "minResTime" : 240.0,
    "maxResTime" : 3175.0,
    "pct1ResTime" : 609.7,
    "pct2ResTime" : 923.9999999999964,
    "pct3ResTime" : 1775.8699999999974,
    "throughput" : 4.8340724136250675,
    "receivedKBytesPerSec" : 4.30706844512938,
    "sentKBytesPerSec" : 3.9394857706739437
  },
  "Get Contact List" : {
    "transaction" : "Get Contact List",
    "sampleCount" : 97,
    "errorCount" : 41,
    "errorPct" : 42.26804,
    "meanResTime" : 473.17525773195865,
    "medianResTime" : 346.0,
    "minResTime" : 243.0,
    "maxResTime" : 3215.0,
    "pct1ResTime" : 734.4000000000002,
    "pct2ResTime" : 1262.3999999999978,
    "pct3ResTime" : 3215.0,
    "throughput" : 1.375925558171863,
    "receivedKBytesPerSec" : 1.7074398387188288,
    "sentKBytesPerSec" : 0.5535811964523816
  },
  "Login" : {
    "transaction" : "Login",
    "sampleCount" : 1005,
    "errorCount" : 454,
    "errorPct" : 45.17413,
    "meanResTime" : 467.98706467661685,
    "medianResTime" : 365.0,
    "minResTime" : 248.0,
    "maxResTime" : 2938.0,
    "pct1ResTime" : 686.3999999999999,
    "pct2ResTime" : 951.599999999996,
    "pct3ResTime" : 1939.2999999999915,
    "throughput" : 4.886516132796546,
    "receivedKBytesPerSec" : 4.710085512512885,
    "sentKBytesPerSec" : 2.559737317849641
  }
}